ID,Recency,Frequency,Cluster,Segment
5524,58,25,0,Average Customers
2174,38,6,1,Loyal Customers
4141,26,21,2,VIP Customers
6182,26,8,1,Loyal Customers
5324,94,19,0,Average Customers
7446,16,22,2,VIP Customers
965,34,21,2,VIP Customers
6177,32,10,1,Loyal Customers
4855,19,6,1,Loyal Customers
5899,68,2,3,Inactive Customers
387,59,6,3,Inactive Customers
2125,82,16,0,Average Customers
8180,53,15,3,Inactive Customers
2569,38,5,1,Loyal Customers
2114,23,26,2,VIP Customers
9736,51,9,3,Inactive Customers
4939,20,13,1,Loyal Customers
6565,91,26,0,Average Customers
2278,86,8,3,Inactive Customers
9360,41,12,1,Loyal Customers
5376,42,43,2,VIP Customers
1993,63,17,0,Average Customers
4047,0,20,2,VIP Customers
1409,69,20,0,Average Customers
7892,89,8,3,Inactive Customers
2404,4,14,1,Loyal Customers
9422,26,9,1,Loyal Customers
1966,96,26,0,Average Customers
6864,34,8,1,Loyal Customers
3033,56,11,3,Inactive Customers
5710,31,9,1,Loyal Customers
7373,8,17,1,Loyal Customers
8755,4,18,2,VIP Customers
10738,55,6,3,Inactive Customers
4339,37,28,2,VIP Customers
10755,76,9,3,Inactive Customers
8595,99,7,3,Inactive Customers
2968,53,24,0,Average Customers
8601,3,21,2,VIP Customers
503,88,7,3,Inactive Customers
8430,4,4,1,Loyal Customers
2139,19,8,1,Loyal Customers
1371,72,16,0,Average Customers
9909,24,10,1,Loyal Customers
7286,92,5,3,Inactive Customers
6566,39,28,2,VIP Customers
8614,29,17,1,Loyal Customers
4114,2,29,2,VIP Customers
1331,54,7,3,Inactive Customers
2225,54,21,0,Average Customers
9381,57,23,0,Average Customers
6260,55,27,0,Average Customers
10383,30,21,2,VIP Customers
7437,31,6,1,Loyal Customers
8375,63,19,0,Average Customers
6853,12,21,2,VIP Customers
3076,18,22,2,VIP Customers
1012,26,24,2,VIP Customers
6518,8,19,2,VIP Customers
4137,29,16,2,VIP Customers
8082,75,5,3,Inactive Customers
1386,0,4,1,Loyal Customers
9369,19,32,2,VIP Customers
4477,4,18,2,VIP Customers
1357,90,19,0,Average Customers
1402,1,21,2,VIP Customers
6312,29,30,2,VIP Customers
8132,88,24,0,Average Customers
1050,58,8,3,Inactive Customers
5846,68,4,3,Inactive Customers
1859,34,19,2,VIP Customers
7503,40,22,2,VIP Customers
10401,12,4,1,Loyal Customers
1618,9,21,2,VIP Customers
3332,87,12,3,Inactive Customers
2261,5,4,1,Loyal Customers
5346,87,9,3,Inactive Customers
4119,56,11,3,Inactive Customers
535,18,27,2,VIP Customers
5268,95,7,3,Inactive Customers
273,48,13,1,Loyal Customers
4452,3,17,1,Loyal Customers
8504,70,19,0,Average Customers
771,79,10,3,Inactive Customers
11178,69,5,3,Inactive Customers
2230,84,10,3,Inactive Customers
7516,30,6,1,Loyal Customers
7247,72,22,0,Average Customers
11100,37,7,1,Loyal Customers
4646,44,25,2,VIP Customers
3037,32,16,1,Loyal Customers
1473,0,7,1,Loyal Customers
1016,43,7,1,Loyal Customers
4518,59,27,0,Average Customers
9370,68,16,0,Average Customers
8908,35,20,2,VIP Customers
8373,94,5,3,Inactive Customers
7533,15,13,1,Loyal Customers
2683,56,26,0,Average Customers
3629,17,9,1,Loyal Customers
10991,18,14,2,VIP Customers
5077,46,24,2,VIP Customers
7431,40,17,2,VIP Customers
3267,27,20,2,VIP Customers
999,95,25,0,Average Customers
9215,19,21,2,VIP Customers
2286,27,8,1,Loyal Customers
1592,25,15,2,VIP Customers
367,74,20,0,Average Customers
5234,85,7,3,Inactive Customers
9862,37,7,1,Loyal Customers
9805,65,22,0,Average Customers
6205,13,9,1,Loyal Customers
8442,63,6,3,Inactive Customers
7386,83,5,3,Inactive Customers
7215,69,27,0,Average Customers
1491,87,16,3,Inactive Customers
11071,37,16,2,VIP Customers
3381,51,8,3,Inactive Customers
11051,72,23,0,Average Customers
8026,10,19,2,VIP Customers
433,42,23,2,VIP Customers
9597,10,19,2,VIP Customers
5290,51,16,3,Inactive Customers
1685,21,23,2,VIP Customers
5342,31,6,1,Loyal Customers
9579,61,9,3,Inactive Customers
7660,37,6,1,Loyal Customers
1461,74,7,3,Inactive Customers
821,46,22,2,VIP Customers
11084,4,17,2,VIP Customers
8690,73,23,0,Average Customers
2937,47,25,2,VIP Customers
9701,13,12,1,Loyal Customers
9949,36,15,2,VIP Customers
10837,47,6,1,Loyal Customers
3120,49,4,1,Loyal Customers
5885,94,16,3,Inactive Customers
4050,65,8,3,Inactive Customers
3830,59,16,3,Inactive Customers
7987,96,19,0,Average Customers
7798,28,17,1,Loyal Customers
92,12,11,1,Loyal Customers
7055,57,26,0,Average Customers
10240,10,21,2,VIP Customers
3025,4,15,1,Loyal Customers
9283,49,4,1,Loyal Customers
9970,3,9,1,Loyal Customers
2730,64,18,0,Average Customers
2795,0,4,1,Loyal Customers
9260,20,27,2,VIP Customers
8182,91,11,3,Inactive Customers
10095,9,20,2,VIP Customers
8475,98,37,0,Average Customers
4370,83,9,3,Inactive Customers
10573,27,18,1,Loyal Customers
3712,63,12,3,Inactive Customers
6637,46,15,2,VIP Customers
3152,84,9,3,Inactive Customers
5610,58,6,3,Inactive Customers
6460,78,7,3,Inactive Customers
1349,4,8,1,Loyal Customers
1880,17,8,1,Loyal Customers
641,77,7,3,Inactive Customers
8717,56,28,0,Average Customers
10314,79,25,0,Average Customers
10854,90,7,3,Inactive Customers
10492,96,4,3,Inactive Customers
6935,44,25,2,VIP Customers
7698,81,10,3,Inactive Customers
3559,77,9,3,Inactive Customers
10562,21,24,2,VIP Customers
10796,16,6,1,Loyal Customers
2563,80,6,3,Inactive Customers
3518,45,5,1,Loyal Customers
5823,63,7,3,Inactive Customers
3934,34,18,2,VIP Customers
6982,14,24,2,VIP Customers
6431,13,7,1,Loyal Customers
9733,52,5,3,Inactive Customers
5602,98,28,0,Average Customers
7829,99,6,3,Inactive Customers
1324,93,8,3,Inactive Customers
326,38,16,1,Loyal Customers
7224,24,6,1,Loyal Customers
6999,80,23,0,Average Customers
9938,82,17,0,Average Customers
6422,20,17,2,VIP Customers
3182,81,15,3,Inactive Customers
7300,50,19,0,Average Customers
10424,60,18,0,Average Customers
8727,63,29,0,Average Customers
2798,54,26,0,Average Customers
1030,72,6,3,Inactive Customers
624,5,4,1,Loyal Customers
5176,88,5,3,Inactive Customers
5552,50,17,3,Inactive Customers
868,99,6,3,Inactive Customers
380,17,29,2,VIP Customers
2677,11,15,1,Loyal Customers
6521,18,20,2,VIP Customers
6927,70,19,3,Inactive Customers
2877,21,26,2,VIP Customers
0,66,17,0,Average Customers
1584,79,20,0,Average Customers
7264,2,4,1,Loyal Customers
6274,81,25,0,Average Customers
1377,24,12,1,Loyal Customers
454,48,28,2,VIP Customers
1755,93,7,3,Inactive Customers
2075,56,16,0,Average Customers
4785,3,22,2,VIP Customers
9076,44,13,1,Loyal Customers
7079,38,32,2,VIP Customers
4653,46,12,1,Loyal Customers
7375,84,16,3,Inactive Customers
709,27,18,2,VIP Customers
460,72,17,0,Average Customers
3726,66,4,3,Inactive Customers
6798,30,23,2,VIP Customers
5341,2,14,2,VIP Customers
1606,65,4,3,Inactive Customers
9617,37,5,1,Loyal Customers
3233,89,29,0,Average Customers
89,49,8,1,Loyal Customers
2936,46,5,1,Loyal Customers
9449,32,19,2,VIP Customers
7297,54,11,3,Inactive Customers
11004,23,4,1,Loyal Customers
313,98,22,0,Average Customers
9940,97,16,0,Average Customers
10735,75,5,3,Inactive Customers
9529,8,22,2,VIP Customers
6439,37,31,2,VIP Customers
7411,31,6,1,Loyal Customers
2176,40,16,2,VIP Customers
9265,74,21,0,Average Customers
8867,90,20,0,Average Customers
8932,57,25,0,Average Customers
10236,59,7,3,Inactive Customers
6340,52,6,3,Inactive Customers
10089,5,29,2,VIP Customers
2227,92,11,3,Inactive Customers
10992,77,26,0,Average Customers
5304,35,6,1,Loyal Customers
309,48,19,0,Average Customers
3406,97,16,3,Inactive Customers
2661,95,10,3,Inactive Customers
3153,24,4,1,Loyal Customers
10264,60,6,3,Inactive Customers
1184,46,25,2,VIP Customers
4200,85,15,3,Inactive Customers
9396,31,4,1,Loyal Customers
2387,9,17,1,Loyal Customers
6690,30,11,1,Loyal Customers
1225,47,19,2,VIP Customers
9703,70,11,3,Inactive Customers
291,13,13,2,VIP Customers
4557,11,8,1,Loyal Customers
2379,31,14,2,VIP Customers
5726,15,10,1,Loyal Customers
3066,2,12,1,Loyal Customers
6336,55,10,3,Inactive Customers
10967,38,9,1,Loyal Customers
2304,86,23,0,Average Customers
3445,56,23,0,Average Customers
7828,29,12,1,Loyal Customers
3762,30,17,2,VIP Customers
4391,64,22,0,Average Customers
4669,46,10,1,Loyal Customers
10144,84,16,3,Inactive Customers
8652,20,13,1,Loyal Customers
1672,74,15,3,Inactive Customers
8962,18,7,1,Loyal Customers
9974,75,7,3,Inactive Customers
10983,17,23,2,VIP Customers
8148,88,33,0,Average Customers
10102,19,22,2,VIP Customers
4697,62,16,3,Inactive Customers
9262,11,5,1,Loyal Customers
7254,74,10,3,Inactive Customers
4543,32,19,2,VIP Customers
4927,76,9,3,Inactive Customers
10451,6,4,1,Loyal Customers
2926,62,23,0,Average Customers
2874,20,5,1,Loyal Customers
9738,43,7,1,Loyal Customers
7119,45,12,1,Loyal Customers
3924,34,28,2,VIP Customers
5827,53,11,3,Inactive Customers
5596,44,21,2,VIP Customers
10812,89,7,3,Inactive Customers
1717,43,13,1,Loyal Customers
9491,68,10,3,Inactive Customers
9274,44,23,2,VIP Customers
6609,64,7,3,Inactive Customers
6963,85,18,0,Average Customers
4440,93,18,0,Average Customers
1379,12,11,1,Loyal Customers
10032,86,11,3,Inactive Customers
2826,28,7,1,Loyal Customers
6320,42,23,2,VIP Customers
3050,13,16,1,Loyal Customers
231,86,7,3,Inactive Customers
2392,59,8,3,Inactive Customers
9478,30,15,1,Loyal Customers
113,33,6,1,Loyal Customers
1802,23,21,2,VIP Customers
520,81,4,3,Inactive Customers
8275,6,4,1,Loyal Customers
9750,41,23,2,VIP Customers
2607,78,24,0,Average Customers
7214,49,18,0,Average Customers
5835,39,9,1,Loyal Customers
3896,3,5,1,Loyal Customers
10350,37,5,1,Loyal Customers
7786,22,12,1,Loyal Customers
2861,79,4,3,Inactive Customers
663,46,6,1,Loyal Customers
10675,82,19,0,Average Customers
2521,10,5,1,Loyal Customers
9592,51,7,3,Inactive Customers
10151,38,22,2,VIP Customers
7381,10,22,2,VIP Customers
4099,14,5,1,Loyal Customers
9560,18,22,2,VIP Customers
1150,36,15,2,VIP Customers
10172,95,21,0,Average Customers
11191,11,8,1,Loyal Customers
9707,65,20,0,Average Customers
6245,71,18,0,Average Customers
8234,13,4,1,Loyal Customers
1411,58,16,0,Average Customers
8553,65,6,3,Inactive Customers
1826,0,15,2,VIP Customers
8842,33,8,1,Loyal Customers
11030,90,4,3,Inactive Customers
2579,95,26,0,Average Customers
175,93,22,0,Average Customers
9185,38,18,2,VIP Customers
11056,18,18,2,VIP Customers
9365,57,24,0,Average Customers
6201,45,7,1,Loyal Customers
2061,61,7,3,Inactive Customers
6184,6,15,2,VIP Customers
6142,65,14,0,Average Customers
4107,52,16,3,Inactive Customers
7274,87,22,0,Average Customers
9336,38,21,2,VIP Customers
2958,53,10,3,Inactive Customers
933,31,4,1,Loyal Customers
5837,67,22,0,Average Customers
10704,65,19,0,Average Customers
5125,64,26,0,Average Customers
4432,82,7,3,Inactive Customers
5955,27,16,2,VIP Customers
2928,63,16,0,Average Customers
5680,66,5,3,Inactive Customers
10313,69,16,3,Inactive Customers
2557,52,5,3,Inactive Customers
1245,45,23,2,VIP Customers
1519,2,9,1,Loyal Customers
10703,86,11,3,Inactive Customers
1726,23,5,1,Loyal Customers
4459,13,5,1,Loyal Customers
1729,14,20,2,VIP Customers
1517,92,5,3,Inactive Customers
2098,38,4,1,Loyal Customers
9543,74,4,3,Inactive Customers
6878,14,14,1,Loyal Customers
3310,94,16,3,Inactive Customers
2724,33,4,1,Loyal Customers
948,32,8,1,Loyal Customers
6720,11,17,1,Loyal Customers
6202,78,26,0,Average Customers
2066,56,7,3,Inactive Customers
9799,57,19,0,Average Customers
8318,7,19,2,VIP Customers
5642,0,12,1,Loyal Customers
2669,66,16,0,Average Customers
455,86,10,3,Inactive Customers
7683,80,23,0,Average Customers
3428,56,24,0,Average Customers
7414,18,12,1,Loyal Customers
6354,51,6,3,Inactive Customers
798,71,5,3,Inactive Customers
8213,71,11,3,Inactive Customers
2488,80,10,3,Inactive Customers
9999,2,23,2,VIP Customers
7617,83,13,3,Inactive Customers
615,29,11,1,Loyal Customers
2552,11,24,2,VIP Customers
194,55,5,3,Inactive Customers
3645,19,9,1,Loyal Customers
8890,1,14,1,Loyal Customers
5049,19,6,1,Loyal Customers
9973,28,19,2,VIP Customers
7301,76,8,3,Inactive Customers
10882,50,17,0,Average Customers
7030,1,35,2,VIP Customers
7422,90,16,3,Inactive Customers
3523,83,19,0,Average Customers
7106,73,19,0,Average Customers
6504,24,9,1,Loyal Customers
5067,11,21,2,VIP Customers
4216,33,26,2,VIP Customers
8581,4,29,2,VIP Customers
5929,14,7,1,Loyal Customers
3129,30,6,1,Loyal Customers
6528,75,4,3,Inactive Customers
1361,26,16,2,VIP Customers
6932,77,22,0,Average Customers
7284,8,4,1,Loyal Customers
1340,42,27,2,VIP Customers
8746,28,19,2,VIP Customers
5987,52,7,3,Inactive Customers
3767,1,24,2,VIP Customers
3725,1,16,2,VIP Customers
4324,42,21,2,VIP Customers
238,76,39,0,Average Customers
6694,27,25,2,VIP Customers
498,28,7,1,Loyal Customers
9347,49,5,1,Loyal Customers
9699,12,23,2,VIP Customers
10664,14,17,1,Loyal Customers
5455,89,10,3,Inactive Customers
456,96,7,3,Inactive Customers
5012,56,5,3,Inactive Customers
7495,72,10,3,Inactive Customers
5029,14,4,1,Loyal Customers
10642,13,5,1,Loyal Customers
2106,99,5,3,Inactive Customers
10364,72,4,3,Inactive Customers
5954,92,11,3,Inactive Customers
1137,87,17,0,Average Customers
2541,7,7,1,Loyal Customers
1142,91,16,3,Inactive Customers
2276,71,27,0,Average Customers
2807,24,27,2,VIP Customers
6471,17,7,1,Loyal Customers
6131,87,16,3,Inactive Customers
6233,21,27,2,VIP Customers
4148,90,19,3,Inactive Customers
4947,44,24,2,VIP Customers
3225,71,14,3,Inactive Customers
7540,52,13,3,Inactive Customers
10648,78,19,0,Average Customers
1992,2,16,2,VIP Customers
7851,60,22,0,Average Customers
8594,25,9,1,Loyal Customers
7059,47,19,2,VIP Customers
2815,46,9,1,Loyal Customers
2416,83,20,0,Average Customers
7999,17,17,2,VIP Customers
9213,13,4,1,Loyal Customers
9697,86,20,0,Average Customers
3916,92,25,0,Average Customers
2021,47,33,2,VIP Customers
1581,18,4,1,Loyal Customers
564,81,30,0,Average Customers
6619,91,6,3,Inactive Customers
9081,58,5,3,Inactive Customers
178,40,26,2,VIP Customers
916,67,6,3,Inactive Customers
5512,19,17,2,VIP Customers
8970,93,19,0,Average Customers
10581,41,21,2,VIP Customers
5300,60,6,3,Inactive Customers
5154,54,6,3,Inactive Customers
8346,26,12,1,Loyal Customers
1676,30,15,1,Loyal Customers
9286,93,19,0,Average Customers
2426,35,29,2,VIP Customers
5172,4,17,2,VIP Customers
5562,92,21,0,Average Customers
3436,24,5,1,Loyal Customers
3921,96,10,3,Inactive Customers
3403,11,21,2,VIP Customers
22,99,14,3,Inactive Customers
10965,72,22,0,Average Customers
9426,77,15,0,Average Customers
6605,85,20,0,Average Customers
3136,88,22,0,Average Customers
8737,22,6,1,Loyal Customers
11088,83,18,0,Average Customers
716,63,27,0,Average Customers
466,9,21,2,VIP Customers
9135,92,6,3,Inactive Customers
10623,2,5,1,Loyal Customers
8151,6,9,1,Loyal Customers
5140,66,21,0,Average Customers
10160,49,5,1,Loyal Customers
4945,29,28,2,VIP Customers
10584,77,24,0,Average Customers
6071,77,22,0,Average Customers
3386,71,8,3,Inactive Customers
8939,49,25,0,Average Customers
9925,97,12,3,Inactive Customers
4320,6,23,2,VIP Customers
5389,93,16,3,Inactive Customers
6036,78,19,0,Average Customers
182,62,17,3,Inactive Customers
203,47,22,2,VIP Customers
11025,9,11,1,Loyal Customers
10203,77,5,3,Inactive Customers
4607,24,17,2,VIP Customers
3711,19,20,2,VIP Customers
3696,67,7,3,Inactive Customers
2532,95,13,0,Average Customers
9214,48,13,1,Loyal Customers
4943,73,16,0,Average Customers
35,35,10,1,Loyal Customers
2258,76,5,3,Inactive Customers
4322,20,20,2,VIP Customers
713,72,15,3,Inactive Customers
4702,20,17,2,VIP Customers
3281,69,19,0,Average Customers
702,80,19,0,Average Customers
2004,65,17,0,Average Customers
4769,52,23,0,Average Customers
4437,65,12,3,Inactive Customers
8724,57,7,3,Inactive Customers
10741,70,16,3,Inactive Customers
1991,0,7,1,Loyal Customers
6931,19,16,2,VIP Customers
11096,50,12,3,Inactive Customers
304,67,9,3,Inactive Customers
3665,46,9,1,Loyal Customers
10591,37,11,1,Loyal Customers
5036,38,14,1,Loyal Customers
5547,9,20,2,VIP Customers
7822,56,20,0,Average Customers
8541,98,8,3,Inactive Customers
10955,68,14,0,Average Customers
4368,72,8,3,Inactive Customers
9671,47,10,1,Loyal Customers
2256,33,6,1,Loyal Customers
4279,87,7,3,Inactive Customers
5371,0,8,1,Loyal Customers
9240,73,18,0,Average Customers
9460,74,8,3,Inactive Customers
9504,4,25,2,VIP Customers
8692,50,16,3,Inactive Customers
448,57,21,0,Average Customers
8314,30,19,2,VIP Customers
8420,27,8,1,Loyal Customers
3174,61,20,0,Average Customers
7685,4,7,1,Loyal Customers
3179,75,19,0,Average Customers
9780,12,26,2,VIP Customers
10681,13,26,2,VIP Customers
10232,9,15,1,Loyal Customers
4184,48,12,1,Loyal Customers
9120,80,19,0,Average Customers
891,60,4,3,Inactive Customers
10381,43,4,1,Loyal Customers
3525,19,4,1,Loyal Customers
6818,26,16,1,Loyal Customers
3526,58,6,3,Inactive Customers
8181,42,11,1,Loyal Customers
1029,27,12,1,Loyal Customers
7369,56,7,3,Inactive Customers
2574,27,21,2,VIP Customers
8159,10,11,1,Loyal Customers
1160,48,10,1,Loyal Customers
10242,39,8,1,Loyal Customers
5253,85,16,3,Inactive Customers
5966,64,15,3,Inactive Customers
5314,69,20,0,Average Customers
5081,54,5,3,Inactive Customers
5123,57,7,3,Inactive Customers
5756,64,7,3,Inactive Customers
8036,10,11,1,Loyal Customers
9058,65,22,0,Average Customers
5057,74,20,0,Average Customers
254,4,18,2,VIP Customers
4179,94,6,3,Inactive Customers
3710,41,7,1,Loyal Customers
7627,25,21,2,VIP Customers
4501,94,20,0,Average Customers
6424,9,5,1,Loyal Customers
3075,47,15,1,Loyal Customers
4992,12,9,1,Loyal Customers
5252,80,6,3,Inactive Customers
7444,20,6,1,Loyal Customers
6919,39,9,1,Loyal Customers
3537,57,10,3,Inactive Customers
10277,27,5,1,Loyal Customers
2453,83,23,0,Average Customers
7972,79,17,0,Average Customers
895,69,20,0,Average Customers
1177,77,11,3,Inactive Customers
7141,15,12,1,Loyal Customers
7232,99,7,3,Inactive Customers
8477,61,5,3,Inactive Customers
2457,23,6,1,Loyal Customers
988,84,18,0,Average Customers
7930,74,12,3,Inactive Customers
4587,90,12,3,Inactive Customers
6682,41,5,1,Loyal Customers
6222,28,7,1,Loyal Customers
10299,73,25,0,Average Customers
3083,88,18,3,Inactive Customers
8953,94,6,3,Inactive Customers
1503,31,1,1,Loyal Customers
8650,31,5,1,Loyal Customers
10862,6,17,1,Loyal Customers
2782,23,17,1,Loyal Customers
6941,92,6,3,Inactive Customers
10972,52,14,0,Average Customers
10708,50,5,3,Inactive Customers
6583,54,21,0,Average Customers
3641,93,7,3,Inactive Customers
10156,56,20,0,Average Customers
4299,28,34,2,VIP Customers
3469,94,9,3,Inactive Customers
5063,76,12,3,Inactive Customers
10727,43,25,2,VIP Customers
9624,46,14,2,VIP Customers
5156,13,26,2,VIP Customers
4376,27,7,1,Loyal Customers
8923,12,21,2,VIP Customers
8461,3,4,1,Loyal Customers
6945,72,32,0,Average Customers
944,6,14,1,Loyal Customers
1907,53,26,0,Average Customers
701,58,18,0,Average Customers
3856,78,26,0,Average Customers
4149,57,21,0,Average Customers
2131,37,23,2,VIP Customers
2942,20,15,1,Loyal Customers
1173,73,13,0,Average Customers
4381,56,17,3,Inactive Customers
4611,36,30,2,VIP Customers
3376,9,11,1,Loyal Customers
4679,42,28,2,VIP Customers
10928,28,17,2,VIP Customers
4248,23,19,2,VIP Customers
6728,38,6,1,Loyal Customers
6661,63,32,0,Average Customers
4725,71,7,3,Inactive Customers
3277,9,15,1,Loyal Customers
5555,81,0,3,Inactive Customers
2564,87,10,3,Inactive Customers
946,92,11,3,Inactive Customers
3867,36,26,2,VIP Customers
6940,86,12,3,Inactive Customers
55,83,22,0,Average Customers
7093,74,4,3,Inactive Customers
5084,87,24,0,Average Customers
1777,29,6,1,Loyal Customers
8162,88,5,3,Inactive Customers
10826,77,5,3,Inactive Customers
8754,25,4,1,Loyal Customers
1987,34,7,1,Loyal Customers
11007,43,5,1,Loyal Customers
7426,76,12,3,Inactive Customers
9153,81,28,0,Average Customers
10379,87,21,0,Average Customers
9204,33,17,2,VIP Customers
3197,38,20,2,VIP Customers
2920,63,16,0,Average Customers
6961,26,4,1,Loyal Customers
4673,17,21,2,VIP Customers
9937,75,17,0,Average Customers
8779,13,12,1,Loyal Customers
9596,19,20,2,VIP Customers
2891,51,23,0,Average Customers
4910,81,30,0,Average Customers
75,32,15,1,Loyal Customers
10120,84,12,3,Inactive Customers
6327,87,17,0,Average Customers
10142,99,20,0,Average Customers
9826,96,22,0,Average Customers
1501,21,44,2,VIP Customers
10767,40,21,2,VIP Customers
7279,3,15,2,VIP Customers
7230,98,22,0,Average Customers
143,73,13,0,Average Customers
450,90,12,3,Inactive Customers
9316,29,5,1,Loyal Customers
6379,3,9,1,Loyal Customers
9239,94,8,3,Inactive Customers
8315,65,4,3,Inactive Customers
2868,33,8,1,Loyal Customers
10888,46,20,2,VIP Customers
1277,29,28,2,VIP Customers
9977,99,20,0,Average Customers
10196,26,20,2,VIP Customers
6384,30,21,2,VIP Customers
8029,27,15,2,VIP Customers
968,24,12,1,Loyal Customers
6988,93,22,0,Average Customers
4472,34,6,1,Loyal Customers
6991,88,20,0,Average Customers
3336,96,14,0,Average Customers
4301,10,5,1,Loyal Customers
1940,26,4,1,Loyal Customers
1272,49,26,0,Average Customers
1388,11,8,1,Loyal Customers
1044,44,20,2,VIP Customers
6969,75,13,3,Inactive Customers
10479,64,11,0,Average Customers
3619,19,17,2,VIP Customers
1715,45,7,1,Loyal Customers
10159,77,31,0,Average Customers
1463,9,4,1,Loyal Customers
5114,1,16,2,VIP Customers
4990,90,21,0,Average Customers
4329,43,6,1,Loyal Customers
10936,79,16,0,Average Customers
4692,19,12,1,Loyal Customers
7212,99,6,3,Inactive Customers
6086,62,24,0,Average Customers
437,41,23,2,VIP Customers
11171,60,21,0,Average Customers
11101,17,26,2,VIP Customers
5329,24,4,1,Loyal Customers
610,60,23,0,Average Customers
9384,57,23,0,Average Customers
5956,74,16,3,Inactive Customers
10430,22,14,2,VIP Customers
7875,46,26,2,VIP Customers
7072,69,19,0,Average Customers
6255,29,13,1,Loyal Customers
6516,37,4,1,Loyal Customers
5564,26,20,2,VIP Customers
5682,8,30,2,VIP Customers
7458,26,8,1,Loyal Customers
5237,79,9,3,Inactive Customers
7761,71,9,3,Inactive Customers
5278,83,21,0,Average Customers
3560,57,20,0,Average Customers
7235,37,9,1,Loyal Customers
10548,30,24,2,VIP Customers
2281,34,4,1,Loyal Customers
4073,0,28,2,VIP Customers
6974,89,22,0,Average Customers
7938,92,17,3,Inactive Customers
7094,87,24,0,Average Customers
3667,20,25,2,VIP Customers
7723,56,21,0,Average Customers
3870,28,24,2,VIP Customers
4012,55,23,0,Average Customers
5909,25,20,2,VIP Customers
10470,0,8,1,Loyal Customers
6488,86,8,3,Inactive Customers
10270,8,8,1,Loyal Customers
6887,33,19,2,VIP Customers
6406,13,21,2,VIP Customers
7573,12,6,1,Loyal Customers
4508,92,19,0,Average Customers
221,90,12,3,Inactive Customers
5331,8,17,2,VIP Customers
1911,6,29,2,VIP Customers
20,91,8,3,Inactive Customers
8786,52,18,0,Average Customers
10582,3,21,2,VIP Customers
1915,57,20,0,Average Customers
8897,9,25,2,VIP Customers
2371,22,9,1,Loyal Customers
4303,76,1,3,Inactive Customers
6825,86,4,3,Inactive Customers
1072,64,8,3,Inactive Customers
4964,90,18,0,Average Customers
2461,79,6,3,Inactive Customers
10736,28,22,2,VIP Customers
3194,86,19,0,Average Customers
10839,42,6,1,Loyal Customers
49,39,5,1,Loyal Customers
4290,8,4,1,Loyal Customers
10219,40,5,1,Loyal Customers
4211,5,7,1,Loyal Customers
1135,96,12,3,Inactive Customers
6299,28,24,2,VIP Customers
10846,22,22,2,VIP Customers
347,30,17,1,Loyal Customers
6543,45,14,2,VIP Customers
10446,58,17,0,Average Customers
3479,49,6,1,Loyal Customers
11075,37,15,1,Loyal Customers
4442,70,9,3,Inactive Customers
199,33,13,1,Loyal Customers
6722,98,23,0,Average Customers
796,17,26,2,VIP Customers
3749,54,24,0,Average Customers
8523,39,10,1,Loyal Customers
310,81,21,0,Average Customers
8629,71,5,3,Inactive Customers
236,62,10,3,Inactive Customers
9930,8,28,2,VIP Customers
3483,76,25,0,Average Customers
4599,66,21,0,Average Customers
7326,83,6,3,Inactive Customers
7352,28,17,1,Loyal Customers
2350,87,20,0,Average Customers
9145,43,22,2,VIP Customers
2964,0,5,1,Loyal Customers
5585,1,7,1,Loyal Customers
9687,1,16,2,VIP Customers
3732,72,27,0,Average Customers
6303,72,22,0,Average Customers
11176,12,18,2,VIP Customers
2986,89,4,3,Inactive Customers
7462,67,19,0,Average Customers
3900,54,21,0,Average Customers
7034,34,7,1,Loyal Customers
9493,15,18,2,VIP Customers
1143,43,7,1,Loyal Customers
1,0,18,2,VIP Customers
3855,74,8,3,Inactive Customers
5536,61,20,0,Average Customers
5989,51,24,0,Average Customers
9499,97,17,0,Average Customers
6768,75,6,3,Inactive Customers
2150,83,22,0,Average Customers
6646,23,5,1,Loyal Customers
4887,65,6,3,Inactive Customers
8560,94,18,0,Average Customers
3321,42,20,2,VIP Customers
11003,10,7,1,Loyal Customers
10402,94,6,3,Inactive Customers
9904,50,28,0,Average Customers
6141,46,14,1,Loyal Customers
5687,98,27,0,Average Customers
10856,42,5,1,Loyal Customers
5121,30,20,2,VIP Customers
4186,11,9,1,Loyal Customers
368,61,14,3,Inactive Customers
3312,12,11,1,Loyal Customers
11121,76,11,3,Inactive Customers
5332,2,17,2,VIP Customers
5848,43,19,2,VIP Customers
10343,27,19,2,VIP Customers
5935,60,23,0,Average Customers
2895,79,11,3,Inactive Customers
10262,96,11,3,Inactive Customers
7848,17,13,1,Loyal Customers
9477,0,20,2,VIP Customers
4856,38,25,2,VIP Customers
7186,43,6,1,Loyal Customers
5794,1,18,2,VIP Customers
1456,25,31,2,VIP Customers
4877,2,5,1,Loyal Customers
425,66,22,0,Average Customers
3007,49,6,1,Loyal Customers
1031,5,26,2,VIP Customers
4297,71,7,3,Inactive Customers
807,35,17,1,Loyal Customers
9553,94,4,3,Inactive Customers
4271,80,17,3,Inactive Customers
4120,61,13,3,Inactive Customers
2036,29,17,1,Loyal Customers
115,0,17,1,Loyal Customers
4259,80,4,3,Inactive Customers
8687,54,16,3,Inactive Customers
2447,71,7,3,Inactive Customers
10140,27,17,2,VIP Customers
9353,61,16,0,Average Customers
3623,55,10,3,Inactive Customers
738,35,12,1,Loyal Customers
7631,34,23,2,VIP Customers
4789,95,18,0,Average Customers
773,64,23,0,Average Customers
10602,30,9,1,Loyal Customers
1446,12,28,2,VIP Customers
3270,96,11,3,Inactive Customers
8443,16,9,1,Loyal Customers
9653,16,7,1,Loyal Customers
8916,78,4,3,Inactive Customers
8017,83,7,3,Inactive Customers
5830,96,22,0,Average Customers
4597,67,19,0,Average Customers
7023,87,15,3,Inactive Customers
8086,34,7,1,Loyal Customers
8825,46,24,2,VIP Customers
2930,7,20,2,VIP Customers
1928,73,7,3,Inactive Customers
7108,54,18,3,Inactive Customers
10925,93,25,0,Average Customers
9960,52,4,3,Inactive Customers
8800,53,24,0,Average Customers
9224,81,25,0,Average Customers
5519,8,20,2,VIP Customers
5046,97,25,0,Average Customers
7037,50,17,3,Inactive Customers
905,38,11,1,Loyal Customers
8624,61,18,0,Average Customers
8945,46,11,1,Loyal Customers
6445,73,16,0,Average Customers
2727,19,13,1,Loyal Customers
6404,10,16,1,Loyal Customers
11074,94,18,0,Average Customers
10150,10,18,2,VIP Customers
1968,37,4,1,Loyal Customers
6534,94,6,3,Inactive Customers
9485,23,10,1,Loyal Customers
7053,75,22,0,Average Customers
4654,40,19,2,VIP Customers
9760,24,31,2,VIP Customers
1048,11,10,1,Loyal Customers
10619,29,18,2,VIP Customers
9308,51,14,0,Average Customers
10505,86,15,0,Average Customers
8362,9,20,2,VIP Customers
2625,30,14,1,Loyal Customers
4637,73,25,0,Average Customers
9972,25,5,1,Loyal Customers
4483,67,19,0,Average Customers
4487,67,7,3,Inactive Customers
4988,58,9,3,Inactive Customers
8931,82,26,0,Average Customers
5871,98,16,3,Inactive Customers
2008,93,19,0,Average Customers
3139,53,19,0,Average Customers
10037,66,16,0,Average Customers
10673,6,21,2,VIP Customers
5303,42,20,2,VIP Customers
538,78,7,3,Inactive Customers
7922,29,25,2,VIP Customers
5692,82,5,3,Inactive Customers
4843,92,19,0,Average Customers
6383,78,8,3,Inactive Customers
1628,54,17,0,Average Customers
1204,45,30,2,VIP Customers
3673,59,26,0,Average Customers
760,8,23,2,VIP Customers
8957,51,22,0,Average Customers
4128,51,20,0,Average Customers
6810,76,12,0,Average Customers
5386,62,18,0,Average Customers
8700,86,9,3,Inactive Customers
3202,60,19,0,Average Customers
1328,56,20,0,Average Customers
8405,83,13,3,Inactive Customers
6515,92,6,3,Inactive Customers
2882,31,16,2,VIP Customers
7574,80,6,3,Inactive Customers
6387,39,9,1,Loyal Customers
5320,20,12,1,Loyal Customers
5048,53,7,3,Inactive Customers
8146,84,5,3,Inactive Customers
10031,50,12,3,Inactive Customers
5748,96,16,3,Inactive Customers
2134,94,22,0,Average Customers
1523,25,8,1,Loyal Customers
9665,48,16,1,Loyal Customers
4640,65,26,0,Average Customers
3635,69,20,0,Average Customers
3547,12,7,1,Loyal Customers
2456,84,13,3,Inactive Customers
5633,47,17,1,Loyal Customers
7801,87,21,0,Average Customers
10489,35,23,2,VIP Customers
7011,47,10,1,Loyal Customers
2620,48,4,1,Loyal Customers
3933,46,24,2,VIP Customers
10981,27,18,2,VIP Customers
1734,37,11,1,Loyal Customers
10995,8,10,1,Loyal Customers
6357,29,18,2,VIP Customers
9209,85,24,0,Average Customers
10286,2,24,2,VIP Customers
2611,66,19,0,Average Customers
1600,60,21,0,Average Customers
3308,54,9,3,Inactive Customers
5407,70,28,0,Average Customers
2166,55,4,3,Inactive Customers
3955,20,0,1,Loyal Customers
6634,78,6,3,Inactive Customers
3056,63,29,0,Average Customers
5718,17,23,2,VIP Customers
6872,43,16,1,Loyal Customers
8164,13,19,2,VIP Customers
4580,46,26,2,VIP Customers
9305,65,27,0,Average Customers
453,1,7,1,Loyal Customers
8545,6,17,2,VIP Customers
9850,32,4,1,Loyal Customers
7378,34,22,2,VIP Customers
7646,70,24,0,Average Customers
1640,49,8,1,Loyal Customers
5184,65,4,3,Inactive Customers
8492,25,23,2,VIP Customers
11188,84,9,3,Inactive Customers
1212,7,25,2,VIP Customers
9097,34,16,1,Loyal Customers
10473,38,20,2,VIP Customers
7962,1,12,2,VIP Customers
9984,25,22,2,VIP Customers
5527,25,7,1,Loyal Customers
6374,50,16,3,Inactive Customers
7453,46,21,2,VIP Customers
8952,96,23,0,Average Customers
241,57,20,0,Average Customers
8975,47,10,1,Loyal Customers
6119,52,4,3,Inactive Customers
5236,30,21,2,VIP Customers
5723,63,8,3,Inactive Customers
1710,51,18,3,Inactive Customers
1970,14,7,1,Loyal Customers
5313,20,9,1,Loyal Customers
10634,56,15,3,Inactive Customers
7010,41,20,2,VIP Customers
8562,72,11,3,Inactive Customers
3158,1,5,1,Loyal Customers
4436,27,8,1,Loyal Customers
5287,77,10,3,Inactive Customers
2445,87,6,3,Inactive Customers
6059,81,25,0,Average Customers
4550,51,6,3,Inactive Customers
4240,79,7,3,Inactive Customers
8911,11,21,2,VIP Customers
3706,54,7,3,Inactive Customers
3628,93,7,3,Inactive Customers
10175,0,5,1,Loyal Customers
8985,54,32,0,Average Customers
5204,21,22,2,VIP Customers
9220,58,20,0,Average Customers
9888,3,16,2,VIP Customers
5263,99,5,3,Inactive Customers
1020,70,19,0,Average Customers
9503,65,13,3,Inactive Customers
10613,44,11,1,Loyal Customers
67,6,9,1,Loyal Customers
6019,9,6,1,Loyal Customers
5863,95,21,0,Average Customers
3717,70,18,0,Average Customers
6730,92,8,3,Inactive Customers
10749,62,16,3,Inactive Customers
4998,85,14,0,Average Customers
6287,2,5,1,Loyal Customers
5985,0,10,1,Loyal Customers
4754,91,7,3,Inactive Customers
4002,3,27,2,VIP Customers
8870,68,18,0,Average Customers
966,98,25,0,Average Customers
4767,41,20,2,VIP Customers
9725,16,4,1,Loyal Customers
4475,82,25,0,Average Customers
5740,1,7,1,Loyal Customers
5731,64,5,3,Inactive Customers
7290,68,21,0,Average Customers
3846,98,15,3,Inactive Customers
8104,32,12,1,Loyal Customers
4507,87,22,0,Average Customers
11013,84,17,0,Average Customers
4491,3,28,2,VIP Customers
3759,34,26,2,VIP Customers
1162,23,20,2,VIP Customers
2055,37,6,1,Loyal Customers
10766,22,17,1,Loyal Customers
4415,19,8,1,Loyal Customers
3005,7,23,2,VIP Customers
2223,52,33,0,Average Customers
4817,91,4,3,Inactive Customers
2875,93,24,0,Average Customers
10536,78,8,3,Inactive Customers
11112,23,25,2,VIP Customers
3807,83,23,0,Average Customers
9197,92,7,3,Inactive Customers
10832,4,14,1,Loyal Customers
6421,32,21,2,VIP Customers
4207,27,25,2,VIP Customers
577,10,6,1,Loyal Customers
10855,9,15,1,Loyal Customers
3081,65,4,3,Inactive Customers
3535,68,13,0,Average Customers
247,16,19,2,VIP Customers
8707,12,16,2,VIP Customers
9523,95,4,3,Inactive Customers
6072,16,20,2,VIP Customers
6295,46,26,2,VIP Customers
10914,3,6,1,Loyal Customers
1509,80,22,0,Average Customers
5577,77,4,3,Inactive Customers
7348,0,17,2,VIP Customers
1127,62,20,0,Average Customers
1833,91,9,3,Inactive Customers
4944,24,17,2,VIP Customers
9080,2,9,1,Loyal Customers
6466,22,10,1,Loyal Customers
9964,56,15,3,Inactive Customers
4790,54,13,0,Average Customers
10245,71,15,0,Average Customers
1109,38,4,1,Loyal Customers
6001,62,25,0,Average Customers
5538,78,17,0,Average Customers
10552,18,14,1,Loyal Customers
1545,95,20,0,Average Customers
7409,66,13,3,Inactive Customers
4444,28,6,1,Loyal Customers
146,78,21,0,Average Customers
6271,13,6,1,Loyal Customers
10065,27,8,1,Loyal Customers
4741,17,19,2,VIP Customers
246,71,19,3,Inactive Customers
375,79,16,0,Average Customers
1524,1,16,2,VIP Customers
10022,78,4,3,Inactive Customers
7451,23,19,2,VIP Customers
11010,75,9,3,Inactive Customers
4356,70,14,0,Average Customers
3885,10,5,1,Loyal Customers
1175,24,12,1,Loyal Customers
880,47,6,1,Loyal Customers
2320,98,23,0,Average Customers
850,4,22,2,VIP Customers
4713,15,9,1,Loyal Customers
675,67,16,3,Inactive Customers
5025,32,8,1,Loyal Customers
2308,40,14,1,Loyal Customers
5995,54,20,0,Average Customers
6749,78,18,0,Average Customers
1010,94,7,3,Inactive Customers
8977,51,4,3,Inactive Customers
4756,42,25,2,VIP Customers
3412,67,17,0,Average Customers
606,87,4,3,Inactive Customers
5961,29,5,1,Loyal Customers
2975,89,24,0,Average Customers
2894,74,21,0,Average Customers
7613,97,14,3,Inactive Customers
10542,63,9,3,Inactive Customers
8015,88,20,0,Average Customers
10617,34,8,1,Loyal Customers
11166,81,14,3,Inactive Customers
849,65,22,0,Average Customers
523,51,7,3,Inactive Customers
4066,76,7,3,Inactive Customers
8414,76,8,3,Inactive Customers
819,84,25,0,Average Customers
4961,56,11,3,Inactive Customers
749,31,9,1,Loyal Customers
5430,0,31,2,VIP Customers
7755,91,16,3,Inactive Customers
10525,40,4,1,Loyal Customers
1453,59,27,0,Average Customers
8310,96,24,0,Average Customers
10710,61,4,3,Inactive Customers
5031,14,26,2,VIP Customers
2613,16,12,1,Loyal Customers
213,98,10,3,Inactive Customers
967,11,26,2,VIP Customers
1077,52,15,0,Average Customers
7959,19,11,2,VIP Customers
640,61,25,0,Average Customers
4252,73,12,3,Inactive Customers
8432,0,31,2,VIP Customers
6218,74,17,3,Inactive Customers
6905,55,21,0,Average Customers
5922,48,12,1,Loyal Customers
3598,53,22,0,Average Customers
6116,13,6,1,Loyal Customers
6263,34,9,1,Loyal Customers
10486,54,17,0,Average Customers
2410,69,16,0,Average Customers
193,81,4,3,Inactive Customers
3363,99,5,3,Inactive Customers
8278,3,16,2,VIP Customers
10660,61,17,3,Inactive Customers
8686,65,7,3,Inactive Customers
1604,93,13,3,Inactive Customers
5907,24,4,1,Loyal Customers
10669,8,17,1,Loyal Customers
2918,72,9,3,Inactive Customers
5735,29,18,2,VIP Customers
359,33,19,2,VIP Customers
8387,68,11,3,Inactive Customers
1829,55,21,0,Average Customers
3839,76,12,3,Inactive Customers
9392,17,4,1,Loyal Customers
2292,94,5,3,Inactive Customers
10466,86,7,3,Inactive Customers
9855,25,26,2,VIP Customers
4088,22,10,1,Loyal Customers
5231,15,5,1,Loyal Customers
590,35,16,2,VIP Customers
8732,81,25,0,Average Customers
2315,55,6,3,Inactive Customers
3515,94,9,3,Inactive Customers
2245,50,10,3,Inactive Customers
6283,64,22,0,Average Customers
2246,91,8,3,Inactive Customers
6606,11,19,2,VIP Customers
5545,72,14,0,Average Customers
7342,6,27,2,VIP Customers
837,0,12,1,Loyal Customers
9500,66,22,0,Average Customers
3602,42,11,1,Loyal Customers
234,60,6,3,Inactive Customers
2995,64,17,0,Average Customers
1118,87,22,0,Average Customers
7789,96,26,0,Average Customers
3068,1,6,1,Loyal Customers
8955,54,5,3,Inactive Customers
945,53,9,3,Inactive Customers
5644,96,15,3,Inactive Customers
7192,58,18,0,Average Customers
2324,12,31,2,VIP Customers
697,78,21,0,Average Customers
3439,64,15,3,Inactive Customers
1506,26,11,1,Loyal Customers
232,8,17,2,VIP Customers
8876,49,13,1,Loyal Customers
4500,56,24,0,Average Customers
9739,55,8,3,Inactive Customers
10395,25,10,1,Loyal Customers
1176,50,4,3,Inactive Customers
1627,84,22,0,Average Customers
938,30,7,1,Loyal Customers
2740,81,11,3,Inactive Customers
257,74,20,0,Average Customers
4058,76,22,0,Average Customers
7736,36,7,1,Loyal Customers
8210,64,18,3,Inactive Customers
833,62,9,3,Inactive Customers
6230,53,14,3,Inactive Customers
7325,86,5,3,Inactive Customers
1307,15,10,1,Loyal Customers
1502,67,7,3,Inactive Customers
6211,47,5,1,Loyal Customers
843,47,25,2,VIP Customers
4174,81,8,3,Inactive Customers
9757,98,24,0,Average Customers
6918,56,5,3,Inactive Customers
286,48,12,1,Loyal Customers
11086,18,5,1,Loyal Customers
1921,74,7,3,Inactive Customers
4138,68,23,0,Average Customers
7718,36,10,1,Loyal Customers
1291,90,16,3,Inactive Customers
6862,65,15,3,Inactive Customers
4136,63,11,3,Inactive Customers
803,82,4,3,Inactive Customers
4298,63,4,3,Inactive Customers
10833,55,27,0,Average Customers
9606,64,13,0,Average Customers
8534,51,28,0,Average Customers
5153,97,34,0,Average Customers
961,92,17,0,Average Customers
5011,51,23,0,Average Customers
6653,72,18,3,Inactive Customers
9094,39,16,1,Loyal Customers
810,49,19,0,Average Customers
5493,21,4,1,Loyal Customers
2147,91,23,0,Average Customers
5107,37,6,1,Loyal Customers
3979,98,17,0,Average Customers
6049,85,27,0,Average Customers
8147,40,8,1,Loyal Customers
1857,2,7,1,Loyal Customers
3910,78,17,0,Average Customers
5207,41,29,2,VIP Customers
11114,94,9,3,Inactive Customers
5429,10,10,1,Loyal Customers
9400,73,19,0,Average Customers
1740,22,16,2,VIP Customers
7488,30,24,2,VIP Customers
195,21,14,1,Loyal Customers
635,51,25,0,Average Customers
7527,97,9,3,Inactive Customers
10319,56,22,0,Average Customers
2296,4,4,1,Loyal Customers
10637,77,8,3,Inactive Customers
2931,95,22,0,Average Customers
907,36,18,1,Loyal Customers
3698,13,19,2,VIP Customers
9516,90,28,0,Average Customers
679,49,6,1,Loyal Customers
7384,18,17,1,Loyal Customers
5043,89,13,3,Inactive Customers
5267,43,5,1,Loyal Customers
339,82,18,0,Average Customers
2516,84,7,3,Inactive Customers
9010,80,23,0,Average Customers
378,68,21,0,Average Customers
4808,12,4,1,Loyal Customers
5068,75,5,3,Inactive Customers
7628,10,8,1,Loyal Customers
7128,91,4,3,Inactive Customers
2811,21,7,1,Loyal Customers
3551,28,10,1,Loyal Customers
1663,97,5,3,Inactive Customers
5543,49,25,0,Average Customers
1577,14,15,2,VIP Customers
10641,5,10,1,Loyal Customers
5336,37,2,1,Loyal Customers
6024,62,18,0,Average Customers
1878,83,6,3,Inactive Customers
3099,48,16,1,Loyal Customers
6055,94,19,0,Average Customers
5841,61,26,0,Average Customers
3972,70,19,0,Average Customers
4394,43,23,2,VIP Customers
5758,23,28,2,VIP Customers
6658,37,32,2,VIP Customers
4603,50,21,0,Average Customers
8427,78,23,0,Average Customers
10260,74,15,3,Inactive Customers
7143,14,26,2,VIP Customers
8789,77,14,3,Inactive Customers
6197,39,9,1,Loyal Customers
4554,89,17,3,Inactive Customers
4937,62,5,3,Inactive Customers
1920,59,8,3,Inactive Customers
8749,68,5,3,Inactive Customers
1650,13,27,2,VIP Customers
10377,37,15,1,Loyal Customers
9206,36,26,2,VIP Customers
10971,28,16,1,Loyal Customers
6398,2,8,1,Loyal Customers
9212,17,28,2,VIP Customers
7937,86,7,3,Inactive Customers
839,54,9,3,Inactive Customers
4246,2,2,1,Loyal Customers
158,3,17,2,VIP Customers
4832,84,8,3,Inactive Customers
5621,8,17,1,Loyal Customers
1945,4,21,2,VIP Customers
5147,57,27,0,Average Customers
2535,24,20,2,VIP Customers
11039,51,13,3,Inactive Customers
9495,29,17,2,VIP Customers
9635,13,8,1,Loyal Customers
2173,23,5,1,Loyal Customers
942,36,14,1,Loyal Customers
9386,88,13,3,Inactive Customers
5510,2,16,1,Loyal Customers
873,3,28,2,VIP Customers
2253,15,6,1,Loyal Customers
5181,58,4,3,Inactive Customers
979,11,8,1,Loyal Customers
10390,27,5,1,Loyal Customers
4698,32,16,1,Loyal Customers
7793,12,24,2,VIP Customers
1745,88,20,0,Average Customers
10590,91,23,0,Average Customers
5080,12,17,2,VIP Customers
8369,21,4,1,Loyal Customers
5232,23,11,1,Loyal Customers
2407,10,20,2,VIP Customers
3834,35,23,2,VIP Customers
7912,69,8,3,Inactive Customers
7712,68,19,0,Average Customers
1065,85,19,0,Average Customers
7275,34,10,1,Loyal Customers
1343,55,22,0,Average Customers
1384,10,7,1,Loyal Customers
9967,30,22,2,VIP Customers
6181,36,27,2,VIP Customers
10507,14,15,2,VIP Customers
2674,79,16,0,Average Customers
2698,52,17,3,Inactive Customers
3231,97,5,3,Inactive Customers
4096,24,12,1,Loyal Customers
10476,0,11,1,Loyal Customers
5948,96,12,3,Inactive Customers
9140,89,8,3,Inactive Customers
10258,94,6,3,Inactive Customers
5675,98,22,0,Average Customers
4743,72,28,0,Average Customers
8805,1,17,1,Loyal Customers
1542,26,20,2,VIP Customers
6770,5,7,1,Loyal Customers
8773,22,15,1,Loyal Customers
10420,56,10,3,Inactive Customers
7514,74,12,3,Inactive Customers
793,24,6,1,Loyal Customers
10909,9,20,2,VIP Customers
8702,10,6,1,Loyal Customers
4791,35,5,1,Loyal Customers
2963,56,21,0,Average Customers
8216,7,17,1,Loyal Customers
8140,51,10,3,Inactive Customers
10146,17,5,1,Loyal Customers
5289,30,6,1,Loyal Customers
2587,21,7,1,Loyal Customers
4405,2,23,2,VIP Customers
8663,85,4,3,Inactive Customers
2589,65,8,3,Inactive Customers
3421,64,22,0,Average Customers
10490,11,14,1,Loyal Customers
4094,92,15,3,Inactive Customers
9958,54,21,0,Average Customers
2534,4,10,1,Loyal Customers
4188,53,14,3,Inactive Customers
6613,39,26,2,VIP Customers
10827,49,11,1,Loyal Customers
5491,70,16,3,Inactive Customers
8402,40,22,2,VIP Customers
8783,40,18,2,VIP Customers
10010,43,11,1,Loyal Customers
618,17,22,2,VIP Customers
9121,40,16,2,VIP Customers
361,84,4,3,Inactive Customers
4310,25,21,2,VIP Customers
2678,62,11,3,Inactive Customers
6376,83,19,0,Average Customers
524,47,6,1,Loyal Customers
10341,45,10,1,Loyal Customers
5654,34,7,1,Loyal Customers
4098,3,9,1,Loyal Customers
5824,1,4,1,Loyal Customers
7000,18,23,2,VIP Customers
2561,45,23,2,VIP Customers
5229,81,5,3,Inactive Customers
4086,77,5,3,Inactive Customers
2428,23,9,1,Loyal Customers
8254,48,4,1,Loyal Customers
2836,61,4,3,Inactive Customers
8418,60,7,3,Inactive Customers
1362,75,14,3,Inactive Customers
7152,64,5,3,Inactive Customers
10033,54,5,3,Inactive Customers
9349,84,23,0,Average Customers
274,75,7,3,Inactive Customers
3388,16,17,1,Loyal Customers
922,79,6,3,Inactive Customers
8588,92,15,3,Inactive Customers
2518,16,4,1,Loyal Customers
574,96,7,3,Inactive Customers
3220,30,9,1,Loyal Customers
5967,60,9,3,Inactive Customers
1183,11,4,1,Loyal Customers
6856,75,9,3,Inactive Customers
4530,36,23,2,VIP Customers
1553,71,23,0,Average Customers
4682,88,13,3,Inactive Customers
8204,93,18,0,Average Customers
5221,93,26,0,Average Customers
1232,54,17,0,Average Customers
1927,41,17,2,VIP Customers
5788,46,12,1,Loyal Customers
6652,28,17,2,VIP Customers
6246,40,23,2,VIP Customers
5975,82,6,3,Inactive Customers
6875,38,17,2,VIP Customers
4399,3,16,2,VIP Customers
4042,87,11,3,Inactive Customers
2157,49,10,1,Loyal Customers
10133,16,25,2,VIP Customers
2525,65,18,0,Average Customers
8233,9,21,2,VIP Customers
9483,24,25,2,VIP Customers
2945,25,5,1,Loyal Customers
10403,43,9,1,Loyal Customers
5074,10,5,1,Loyal Customers
10524,29,22,2,VIP Customers
4690,45,21,2,VIP Customers
7521,57,20,0,Average Customers
7196,20,4,1,Loyal Customers
4406,29,25,2,VIP Customers
9672,82,8,3,Inactive Customers
4864,68,12,3,Inactive Customers
4706,65,5,3,Inactive Customers
4070,99,18,0,Average Customers
25,9,21,2,VIP Customers
3697,20,9,1,Loyal Customers
217,78,23,0,Average Customers
4220,26,7,1,Loyal Customers
5286,68,10,3,Inactive Customers
9559,79,27,0,Average Customers
2849,25,31,2,VIP Customers
7787,83,23,0,Average Customers
3102,32,5,1,Loyal Customers
5868,49,6,1,Loyal Customers
8370,50,18,0,Average Customers
9988,84,25,0,Average Customers
2939,96,15,0,Average Customers
5529,56,22,0,Average Customers
9743,85,29,0,Average Customers
5763,63,18,3,Inactive Customers
3478,17,30,2,VIP Customers
7494,11,15,1,Loyal Customers
1763,62,29,0,Average Customers
7250,48,25,2,VIP Customers
2005,86,8,3,Inactive Customers
10770,73,26,0,Average Customers
6885,36,6,1,Loyal Customers
2072,34,21,2,VIP Customers
9463,16,25,2,VIP Customers
6318,48,30,2,VIP Customers
4093,61,19,0,Average Customers
5751,54,5,3,Inactive Customers
3340,56,20,0,Average Customers
3594,74,32,0,Average Customers
3584,35,22,2,VIP Customers
3643,65,14,0,Average Customers
851,48,26,2,VIP Customers
7706,88,30,0,Average Customers
3967,19,24,2,VIP Customers
10128,21,27,2,VIP Customers
486,27,18,2,VIP Customers
9,86,11,3,Inactive Customers
9451,92,26,0,Average Customers
9264,1,22,2,VIP Customers
3865,14,7,1,Loyal Customers
2853,74,12,3,Inactive Customers
1490,84,26,0,Average Customers
6310,4,7,1,Loyal Customers
10380,50,7,3,Inactive Customers
3887,2,7,1,Loyal Customers
4278,73,19,0,Average Customers
8643,21,22,2,VIP Customers
1998,82,7,3,Inactive Customers
10795,14,7,1,Loyal Customers
11110,56,0,3,Inactive Customers
2408,20,32,2,VIP Customers
202,54,17,0,Average Customers
7998,77,9,3,Inactive Customers
830,5,15,2,VIP Customers
3536,65,7,3,Inactive Customers
6050,33,26,2,VIP Customers
125,65,17,3,Inactive Customers
3463,41,27,2,VIP Customers
2804,86,11,3,Inactive Customers
3745,92,8,3,Inactive Customers
9771,97,17,3,Inactive Customers
451,91,5,3,Inactive Customers
10530,0,16,2,VIP Customers
1079,59,19,0,Average Customers
8920,4,28,2,VIP Customers
6678,5,9,1,Loyal Customers
3852,48,27,2,VIP Customers
528,99,20,0,Average Customers
73,81,4,3,Inactive Customers
5589,95,24,0,Average Customers
10212,43,7,1,Loyal Customers
6365,5,6,1,Loyal Customers
5636,50,8,3,Inactive Customers
591,76,20,0,Average Customers
2217,46,4,1,Loyal Customers
2544,68,7,3,Inactive Customers
7725,33,16,2,VIP Customers
8091,50,17,0,Average Customers
7321,85,14,0,Average Customers
5462,63,32,0,Average Customers
7791,89,6,3,Inactive Customers
955,81,17,3,Inactive Customers
4037,77,4,3,Inactive Customers
6642,50,11,3,Inactive Customers
2793,10,26,2,VIP Customers
5424,30,9,1,Loyal Customers
879,66,21,0,Average Customers
9530,16,4,1,Loyal Customers
4828,12,21,2,VIP Customers
10699,30,8,1,Loyal Customers
1497,8,16,1,Loyal Customers
7476,93,23,0,Average Customers
4390,14,23,2,VIP Customers
10478,53,23,0,Average Customers
1081,26,25,2,VIP Customers
4261,23,26,2,VIP Customers
9916,92,8,3,Inactive Customers
5350,29,18,2,VIP Customers
8135,41,5,1,Loyal Customers
8685,56,20,0,Average Customers
4967,19,15,1,Loyal Customers
2130,4,8,1,Loyal Customers
9298,89,18,0,Average Customers
8175,71,8,3,Inactive Customers
6257,81,17,3,Inactive Customers
3790,31,4,1,Loyal Customers
9952,53,17,0,Average Customers
3503,78,15,0,Average Customers
5223,80,8,3,Inactive Customers
4608,18,27,2,VIP Customers
1626,37,6,1,Loyal Customers
4764,52,12,3,Inactive Customers
2471,39,12,1,Loyal Customers
5892,11,17,1,Loyal Customers
2612,33,25,2,VIP Customers
4971,22,10,1,Loyal Customers
5185,83,13,0,Average Customers
10069,43,5,1,Loyal Customers
2262,74,15,3,Inactive Customers
1131,54,7,3,Inactive Customers
1041,3,19,2,VIP Customers
24,96,12,3,Inactive Customers
3409,68,15,3,Inactive Customers
7022,2,21,2,VIP Customers
7943,40,6,1,Loyal Customers
5272,64,20,0,Average Customers
5453,26,24,2,VIP Customers
2565,69,20,0,Average Customers
800,57,6,3,Inactive Customers
11092,78,7,3,Inactive Customers
5062,71,5,3,Inactive Customers
8969,59,25,0,Average Customers
4656,28,24,2,VIP Customers
4480,61,19,0,Average Customers
9971,22,17,1,Loyal Customers
6729,95,21,0,Average Customers
1773,38,6,1,Loyal Customers
9242,19,19,2,VIP Customers
1764,92,15,3,Inactive Customers
6215,24,6,1,Loyal Customers
10099,21,24,2,VIP Customers
5423,35,4,1,Loyal Customers
940,9,14,1,Loyal Customers
3011,23,11,1,Loyal Customers
3298,92,31,0,Average Customers
8286,55,8,3,Inactive Customers
9668,14,9,1,Loyal Customers
5120,78,19,0,Average Customers
6097,64,24,0,Average Customers
7019,49,13,1,Loyal Customers
7408,8,12,1,Loyal Customers
8041,35,21,2,VIP Customers
252,11,17,2,VIP Customers
9986,8,10,1,Loyal Customers
3276,53,7,3,Inactive Customers
3859,36,26,2,VIP Customers
3570,64,13,3,Inactive Customers
3783,43,9,1,Loyal Customers
10207,40,4,1,Loyal Customers
10906,52,16,3,Inactive Customers
3427,11,26,2,VIP Customers
5209,21,19,2,VIP Customers
10711,23,22,2,VIP Customers
10785,17,7,1,Loyal Customers
2814,6,5,1,Loyal Customers
6866,56,5,3,Inactive Customers
1665,71,18,0,Average Customers
6575,51,25,0,Average Customers
3829,94,5,3,Inactive Customers
3091,27,21,2,VIP Customers
10141,1,4,1,Loyal Customers
5177,56,16,3,Inactive Customers
7005,71,21,0,Average Customers
6409,18,20,2,VIP Customers
7485,48,10,1,Loyal Customers
8079,86,9,3,Inactive Customers
8395,48,22,2,VIP Customers
10352,2,9,1,Loyal Customers
4931,13,28,2,VIP Customers
13,57,6,3,Inactive Customers
1834,77,6,3,Inactive Customers
2285,0,15,1,Loyal Customers
2295,57,22,0,Average Customers
1378,24,23,2,VIP Customers
2781,55,17,0,Average Customers
1165,62,24,0,Average Customers
1404,89,13,3,Inactive Customers
6457,77,24,0,Average Customers
2639,45,9,1,Loyal Customers
8299,46,6,1,Loyal Customers
6437,80,6,3,Inactive Customers
6912,60,22,0,Average Customers
7327,71,9,3,Inactive Customers
5299,43,25,2,VIP Customers
4127,97,34,0,Average Customers
8143,49,13,1,Loyal Customers
1964,66,18,0,Average Customers
3690,20,22,2,VIP Customers
3433,54,21,0,Average Customers
3389,61,34,0,Average Customers
4712,18,7,1,Loyal Customers
1170,45,14,1,Loyal Customers
6347,26,5,1,Loyal Customers
4065,0,16,1,Loyal Customers
8230,28,6,1,Loyal Customers
1215,49,23,0,Average Customers
5939,84,11,3,Inactive Customers
2156,38,10,1,Loyal Customers
7788,53,4,3,Inactive Customers
10323,88,13,3,Inactive Customers
7947,99,5,3,Inactive Customers
1891,12,16,2,VIP Customers
2570,35,25,2,VIP Customers
9256,5,27,2,VIP Customers
295,77,22,0,Average Customers
7397,45,21,2,VIP Customers
6349,71,19,0,Average Customers
10790,40,4,1,Loyal Customers
10398,82,4,3,Inactive Customers
2431,70,6,3,Inactive Customers
550,87,21,0,Average Customers
1890,95,4,3,Inactive Customers
10742,72,11,3,Inactive Customers
10356,5,5,1,Loyal Customers
4676,86,25,0,Average Customers
8852,80,28,0,Average Customers
3565,62,9,3,Inactive Customers
5294,49,10,1,Loyal Customers
1958,85,25,0,Average Customers
7349,7,11,1,Loyal Customers
8799,6,11,1,Loyal Customers
1351,25,32,2,VIP Customers
1045,55,13,3,Inactive Customers
7732,81,20,0,Average Customers
8070,98,12,3,Inactive Customers
477,31,22,2,VIP Customers
7832,30,23,2,VIP Customers
2202,98,6,3,Inactive Customers
7396,92,26,0,Average Customers
4055,41,8,1,Loyal Customers
10340,68,18,0,Average Customers
10091,78,17,0,Average Customers
7629,46,7,1,Loyal Customers
10640,71,14,3,Inactive Customers
3498,6,25,2,VIP Customers
6742,82,4,3,Inactive Customers
1172,71,25,0,Average Customers
569,32,19,2,VIP Customers
4686,28,24,2,VIP Customers
1381,20,17,1,Loyal Customers
2634,10,9,1,Loyal Customers
10905,7,16,1,Loyal Customers
1744,67,5,3,Inactive Customers
1000,48,27,2,VIP Customers
3828,61,28,0,Average Customers
8605,36,7,1,Loyal Customers
10304,77,5,3,Inactive Customers
4351,90,5,3,Inactive Customers
10129,35,21,2,VIP Customers
2499,38,18,2,VIP Customers
10092,46,26,2,VIP Customers
7500,33,19,2,VIP Customers
5796,70,23,0,Average Customers
10556,51,17,3,Inactive Customers
1064,18,5,1,Loyal Customers
48,97,10,3,Inactive Customers
7610,32,19,2,VIP Customers
263,9,8,1,Loyal Customers
10814,6,25,2,VIP Customers
9710,80,23,0,Average Customers
9292,74,23,0,Average Customers
10250,49,4,1,Loyal Customers
7881,21,24,2,VIP Customers
5847,95,23,0,Average Customers
737,56,15,0,Average Customers
3571,48,19,0,Average Customers
7807,26,16,1,Loyal Customers
3878,3,5,1,Loyal Customers
5092,39,19,2,VIP Customers
2154,33,8,1,Loyal Customers
5394,42,10,1,Loyal Customers
3798,80,9,3,Inactive Customers
3524,9,10,1,Loyal Customers
5247,52,7,3,Inactive Customers
5883,78,21,0,Average Customers
2118,68,20,0,Average Customers
8812,45,7,1,Loyal Customers
6616,47,16,1,Loyal Customers
2797,34,26,2,VIP Customers
4328,81,8,3,Inactive Customers
9167,72,26,0,Average Customers
10560,23,5,1,Loyal Customers
2631,29,17,2,VIP Customers
8312,80,6,3,Inactive Customers
5534,30,10,1,Loyal Customers
5093,15,9,1,Loyal Customers
7592,86,10,3,Inactive Customers
8895,68,21,0,Average Customers
8584,54,17,0,Average Customers
2694,44,5,1,Loyal Customers
8910,7,16,1,Loyal Customers
7433,87,12,3,Inactive Customers
164,59,13,3,Inactive Customers
10477,16,7,1,Loyal Customers
2681,1,19,2,VIP Customers
5150,64,7,3,Inactive Customers
5283,72,10,3,Inactive Customers
9645,98,24,0,Average Customers
10678,91,25,0,Average Customers
7261,8,17,1,Loyal Customers
9648,20,14,1,Loyal Customers
2870,6,20,2,VIP Customers
8008,54,7,3,Inactive Customers
1513,72,29,0,Average Customers
6173,46,24,2,VIP Customers
1419,11,9,1,Loyal Customers
9150,21,7,1,Loyal Customers
7960,89,26,0,Average Customers
1250,82,7,3,Inactive Customers
9905,69,14,3,Inactive Customers
10691,55,5,3,Inactive Customers
7002,13,14,1,Loyal Customers
2952,80,8,3,Inactive Customers
8439,97,15,0,Average Customers
762,27,21,2,VIP Customers
2831,99,26,0,Average Customers
6977,87,29,0,Average Customers
6289,85,10,3,Inactive Customers
4168,30,23,2,VIP Customers
8397,82,6,3,Inactive Customers
9284,21,27,2,VIP Customers
6237,92,25,0,Average Customers
3130,95,10,3,Inactive Customers
1619,2,17,2,VIP Customers
1990,74,17,0,Average Customers
5513,49,6,1,Loyal Customers
269,71,21,0,Average Customers
8093,72,14,0,Average Customers
10513,68,12,0,Average Customers
10177,4,20,2,VIP Customers
2549,80,5,3,Inactive Customers
5782,15,22,2,VIP Customers
10057,70,22,0,Average Customers
10307,91,19,0,Average Customers
8566,10,4,1,Loyal Customers
2415,99,16,0,Average Customers
5684,25,7,1,Loyal Customers
8334,34,10,1,Loyal Customers
9166,57,23,0,Average Customers
1440,84,25,0,Average Customers
78,51,5,3,Inactive Customers
5441,97,15,3,Inactive Customers
5302,13,16,2,VIP Customers
4687,92,24,0,Average Customers
1087,30,10,1,Loyal Customers
6859,30,9,1,Loyal Customers
9860,11,12,1,Loyal Customers
7129,72,31,0,Average Customers
5866,39,12,1,Loyal Customers
10521,0,12,1,Loyal Customers
7393,15,9,1,Loyal Customers
7849,12,25,2,VIP Customers
332,56,14,3,Inactive Customers
9847,39,16,1,Loyal Customers
531,55,33,0,Average Customers
9576,60,11,3,Inactive Customers
6906,73,18,0,Average Customers
7419,90,7,3,Inactive Customers
3170,86,15,0,Average Customers
8527,37,19,2,VIP Customers
7872,7,23,2,VIP Customers
9931,29,15,1,Loyal Customers
10595,19,6,1,Loyal Customers
4609,14,18,2,VIP Customers
5010,72,6,3,Inactive Customers
4427,56,28,0,Average Customers
11148,85,4,3,Inactive Customers
1168,62,21,0,Average Customers
9595,1,14,2,VIP Customers
10163,28,20,2,VIP Customers
2886,70,32,0,Average Customers
6710,84,7,3,Inactive Customers
5316,89,7,3,Inactive Customers
9029,73,23,0,Average Customers
521,42,18,2,VIP Customers
1459,16,14,2,VIP Customers
10241,16,4,1,Loyal Customers
1630,56,15,3,Inactive Customers
3254,65,14,0,Average Customers
9064,10,20,2,VIP Customers
3678,13,29,2,VIP Customers
4227,78,9,3,Inactive Customers
9467,51,5,3,Inactive Customers
8486,27,17,1,Loyal Customers
2186,30,22,2,VIP Customers
3286,71,7,3,Inactive Customers
8602,97,26,0,Average Customers
3722,83,7,3,Inactive Customers
6715,3,25,2,VIP Customers
4796,71,5,3,Inactive Customers
9612,3,5,1,Loyal Customers
3766,15,21,2,VIP Customers
1399,52,20,0,Average Customers
1570,8,26,2,VIP Customers
3426,89,26,0,Average Customers
3074,66,18,0,Average Customers
8341,22,6,1,Loyal Customers
5180,56,10,3,Inactive Customers
6461,74,23,0,Average Customers
7679,48,6,1,Loyal Customers
10702,67,17,3,Inactive Customers
7505,24,5,1,Loyal Customers
5113,67,16,0,Average Customers
10858,38,25,2,VIP Customers
2961,86,15,3,Inactive Customers
2747,90,20,0,Average Customers
3010,87,20,0,Average Customers
5790,62,7,3,Inactive Customers
6892,23,28,2,VIP Customers
1743,99,11,3,Inactive Customers
3578,29,12,1,Loyal Customers
8462,52,5,3,Inactive Customers
5558,90,15,0,Average Customers
4619,9,27,2,VIP Customers
8780,71,18,0,Average Customers
10789,13,7,1,Loyal Customers
10779,16,5,1,Loyal Customers
5896,94,15,3,Inactive Customers
2337,77,9,3,Inactive Customers
10951,20,14,1,Loyal Customers
544,51,14,0,Average Customers
17,81,28,0,Average Customers
10680,71,7,3,Inactive Customers
3265,36,5,1,Loyal Customers
5623,95,5,3,Inactive Customers
5832,32,21,2,VIP Customers
5544,32,22,2,VIP Customers
6417,85,24,0,Average Customers
5831,93,18,0,Average Customers
7101,24,31,2,VIP Customers
10176,44,23,2,VIP Customers
2326,15,6,1,Loyal Customers
4385,82,8,3,Inactive Customers
2929,27,8,1,Loyal Customers
10686,72,4,3,Inactive Customers
2546,7,6,1,Loyal Customers
3283,57,22,0,Average Customers
3138,84,22,0,Average Customers
4994,53,26,0,Average Customers
7966,48,30,2,VIP Customers
3112,2,5,1,Loyal Customers
10872,65,20,0,Average Customers
2181,45,14,2,VIP Customers
1867,42,19,2,VIP Customers
1518,29,24,2,VIP Customers
5734,83,7,3,Inactive Customers
2878,93,15,3,Inactive Customers
1458,40,9,1,Loyal Customers
7007,47,8,1,Loyal Customers
6200,50,23,0,Average Customers
1403,40,6,1,Loyal Customers
4827,3,20,2,VIP Customers
6250,62,24,0,Average Customers
9291,25,4,1,Loyal Customers
2478,48,6,1,Loyal Customers
1139,56,22,0,Average Customers
5138,68,5,3,Inactive Customers
5393,64,5,3,Inactive Customers
10413,67,23,0,Average Customers
5015,94,9,3,Inactive Customers
10868,82,19,0,Average Customers
10676,3,20,2,VIP Customers
2495,24,22,2,VIP Customers
7842,54,9,3,Inactive Customers
9955,20,9,1,Loyal Customers
6663,96,9,3,Inactive Customers
2162,19,18,2,VIP Customers
3434,60,19,0,Average Customers
7919,2,23,2,VIP Customers
5626,13,16,1,Loyal Customers
6428,37,17,2,VIP Customers
8514,59,5,3,Inactive Customers
10448,55,18,3,Inactive Customers
2109,60,28,0,Average Customers
7530,48,10,1,Loyal Customers
8925,38,26,2,VIP Customers
3009,8,15,2,VIP Customers
6355,19,9,1,Loyal Customers
3517,32,10,1,Loyal Customers
1158,27,8,1,Loyal Customers
6203,58,26,0,Average Customers
7165,59,22,0,Average Customers
3595,29,28,2,VIP Customers
8537,60,21,0,Average Customers
4331,41,21,2,VIP Customers
6281,27,16,2,VIP Customers
4338,28,5,1,Loyal Customers
2452,8,17,1,Loyal Customers
9507,18,16,1,Loyal Customers
8360,76,12,3,Inactive Customers
10311,0,25,2,VIP Customers
5117,32,18,2,VIP Customers
4867,2,11,1,Loyal Customers
9289,16,6,1,Loyal Customers
10913,56,4,3,Inactive Customers
3032,97,11,3,Inactive Customers
8524,15,9,1,Loyal Customers
3334,35,21,2,VIP Customers
4470,3,8,1,Loyal Customers
1406,49,22,0,Average Customers
8619,4,4,1,Loyal Customers
10821,45,16,1,Loyal Customers
4552,37,12,1,Loyal Customers
898,39,10,1,Loyal Customers
9797,38,16,1,Loyal Customers
10949,8,19,2,VIP Customers
8212,89,10,3,Inactive Customers
6248,47,27,2,VIP Customers
10164,75,16,0,Average Customers
4547,86,6,3,Inactive Customers
6815,4,21,2,VIP Customers
4122,73,16,0,Average Customers
10841,46,18,2,VIP Customers
5370,38,18,1,Loyal Customers
176,73,12,3,Inactive Customers
4860,66,5,3,Inactive Customers
10757,36,4,1,Loyal Customers
4023,29,10,1,Loyal Customers
6679,29,4,1,Loyal Customers
9923,6,9,1,Loyal Customers
7181,97,7,3,Inactive Customers
3599,61,23,0,Average Customers
405,68,17,3,Inactive Customers
6870,73,12,3,Inactive Customers
832,90,23,0,Average Customers
2002,81,17,0,Average Customers
3657,1,11,1,Loyal Customers
500,79,24,0,Average Customers
1951,92,27,0,Average Customers
3262,31,25,2,VIP Customers
4102,46,4,1,Loyal Customers
7042,14,6,1,Loyal Customers
10598,89,8,3,Inactive Customers
255,31,6,1,Loyal Customers
2375,75,4,3,Inactive Customers
9829,42,9,1,Loyal Customers
6214,53,6,3,Inactive Customers
4954,53,17,3,Inactive Customers
7861,23,19,2,VIP Customers
4837,57,28,0,Average Customers
9423,49,8,1,Loyal Customers
4198,6,4,1,Loyal Customers
153,29,5,1,Loyal Customers
9323,5,26,2,VIP Customers
10001,98,10,3,Inactive Customers
3945,80,25,0,Average Customers
3799,4,23,2,VIP Customers
8625,70,9,3,Inactive Customers
3491,32,29,2,VIP Customers
983,82,12,3,Inactive Customers
9119,27,15,1,Loyal Customers
4786,94,29,0,Average Customers
5872,23,22,2,VIP Customers
6568,97,6,3,Inactive Customers
5628,25,24,2,VIP Customers
5631,92,18,0,Average Customers
4974,98,29,0,Average Customers
8416,19,7,1,Loyal Customers
5454,80,6,3,Inactive Customers
4095,80,21,0,Average Customers
5474,79,12,3,Inactive Customers
4268,50,9,3,Inactive Customers
10701,60,28,0,Average Customers
3507,44,14,2,VIP Customers
2079,0,22,2,VIP Customers
626,28,5,1,Loyal Customers
4426,35,21,2,VIP Customers
2591,49,15,0,Average Customers
10509,46,8,1,Loyal Customers
6382,97,5,3,Inactive Customers
6673,51,7,3,Inactive Customers
7441,80,27,0,Average Customers
1071,10,26,2,VIP Customers
10061,29,25,2,VIP Customers
8775,74,10,3,Inactive Customers
2345,54,17,0,Average Customers
322,93,7,3,Inactive Customers
10897,63,32,0,Average Customers
123,92,15,0,Average Customers
6103,40,7,1,Loyal Customers
7899,70,17,0,Average Customers
10500,96,9,3,Inactive Customers
1655,81,5,3,Inactive Customers
2406,63,19,0,Average Customers
2712,85,20,0,Average Customers
5517,51,5,3,Inactive Customers
10643,23,20,2,VIP Customers
2254,95,21,0,Average Customers
10281,11,19,2,VIP Customers
6958,42,5,1,Loyal Customers
954,77,7,3,Inactive Customers
4643,40,9,1,Loyal Customers
6497,32,17,1,Loyal Customers
5396,48,30,2,VIP Customers
1052,24,27,2,VIP Customers
2802,61,18,0,Average Customers
6343,6,23,2,VIP Customers
6507,16,8,1,Loyal Customers
7901,39,4,1,Loyal Customers
4865,2,21,2,VIP Customers
2686,49,4,1,Loyal Customers
3107,31,13,1,Loyal Customers
7734,58,22,0,Average Customers
1146,5,26,2,VIP Customers
11031,90,5,3,Inactive Customers
7428,47,19,2,VIP Customers
975,25,15,1,Loyal Customers
1103,60,20,0,Average Customers
3422,67,10,0,Average Customers
1055,40,5,1,Loyal Customers
6544,63,27,0,Average Customers
1241,1,6,1,Loyal Customers
2909,89,20,0,Average Customers
5802,40,7,1,Loyal Customers
1407,5,7,1,Loyal Customers
6183,3,8,1,Loyal Customers
340,1,19,2,VIP Customers
5991,24,13,1,Loyal Customers
3104,89,21,0,Average Customers
9729,48,23,2,VIP Customers
1008,31,24,2,VIP Customers
11091,68,6,3,Inactive Customers
3969,46,7,1,Loyal Customers
1916,92,19,0,Average Customers
9907,80,26,0,Average Customers
87,16,7,1,Loyal Customers
8659,50,27,0,Average Customers
6262,93,22,0,Average Customers
6147,51,4,3,Inactive Customers
8832,24,9,1,Loyal Customers
10067,79,4,3,Inactive Customers
7532,26,10,1,Loyal Customers
4915,86,23,0,Average Customers
2115,68,7,3,Inactive Customers
2088,98,24,0,Average Customers
2493,34,18,2,VIP Customers
6292,60,18,0,Average Customers
1631,3,23,2,VIP Customers
10104,65,4,3,Inactive Customers
3006,83,5,3,Inactive Customers
3919,64,20,0,Average Customers
11181,85,0,3,Inactive Customers
642,69,8,3,Inactive Customers
4369,48,17,0,Average Customers
10127,21,15,1,Loyal Customers
271,30,15,1,Loyal Customers
4973,39,5,1,Loyal Customers
2948,76,10,3,Inactive Customers
2715,11,11,1,Loyal Customers
10432,26,5,1,Loyal Customers
9216,34,7,1,Loyal Customers
7124,72,12,3,Inactive Customers
9727,13,7,1,Loyal Customers
5136,58,28,0,Average Customers
9790,12,19,2,VIP Customers
1818,23,5,1,Loyal Customers
1100,33,11,1,Loyal Customers
7873,30,16,1,Loyal Customers
10609,15,8,1,Loyal Customers
6950,25,7,1,Loyal Customers
7233,4,16,2,VIP Customers
9481,80,11,3,Inactive Customers
7699,30,15,1,Loyal Customers
2711,6,5,1,Loyal Customers
8933,16,8,1,Loyal Customers
8726,57,13,3,Inactive Customers
1515,9,5,1,Loyal Customers
5186,59,22,0,Average Customers
10157,78,12,3,Inactive Customers
5667,90,26,0,Average Customers
902,74,13,3,Inactive Customers
977,10,20,2,VIP Customers
7313,63,23,0,Average Customers
7600,13,6,1,Loyal Customers
9706,98,8,3,Inactive Customers
2429,4,20,2,VIP Customers
3520,94,14,0,Average Customers
10394,91,18,0,Average Customers
4548,66,5,3,Inactive Customers
9362,14,18,2,VIP Customers
3968,77,27,0,Average Customers
4084,41,23,2,VIP Customers
6721,21,17,2,VIP Customers
2829,25,22,2,VIP Customers
1772,2,19,2,VIP Customers
1544,51,17,0,Average Customers
492,3,19,2,VIP Customers
4377,32,15,1,Loyal Customers
4541,84,12,3,Inactive Customers
1321,49,9,1,Loyal Customers
8858,69,21,0,Average Customers
3266,96,7,3,Inactive Customers
11187,23,9,1,Loyal Customers
8207,18,5,1,Loyal Customers
9723,8,28,2,VIP Customers
2666,21,23,2,VIP Customers
5721,60,24,0,Average Customers
10652,48,17,0,Average Customers
1646,36,7,1,Loyal Customers
4418,36,25,2,VIP Customers
2656,63,5,3,Inactive Customers
7990,2,4,1,Loyal Customers
8722,38,25,2,VIP Customers
7118,61,22,0,Average Customers
2980,52,10,3,Inactive Customers
1839,25,8,1,Loyal Customers
10722,63,17,0,Average Customers
2632,10,20,2,VIP Customers
9014,65,10,3,Inactive Customers
7620,71,8,3,Inactive Customers
10968,0,26,2,VIP Customers
11133,3,19,2,VIP Customers
2736,88,23,0,Average Customers
1876,15,6,1,Loyal Customers
5959,80,15,3,Inactive Customers
1092,17,20,2,VIP Customers
4333,76,10,3,Inactive Customers
3850,52,5,3,Inactive Customers
6168,28,6,1,Loyal Customers
607,31,22,2,VIP Customers
10469,42,18,2,VIP Customers
6983,24,7,1,Loyal Customers
3661,42,19,2,VIP Customers
9303,12,1,1,Loyal Customers
692,88,4,3,Inactive Customers
736,67,7,3,Inactive Customers
9589,54,17,0,Average Customers
4838,40,4,1,Loyal Customers
9246,73,17,3,Inactive Customers
6261,81,18,0,Average Customers
7366,12,21,2,VIP Customers
10659,7,11,1,Loyal Customers
1448,33,9,1,Loyal Customers
4286,24,22,2,VIP Customers
4749,55,22,0,Average Customers
4478,87,26,0,Average Customers
4201,39,19,2,VIP Customers
10084,9,7,1,Loyal Customers
7004,82,9,3,Inactive Customers
9817,71,27,0,Average Customers
8080,50,4,3,Inactive Customers
9432,23,11,1,Loyal Customers
8372,81,4,3,Inactive Customers
10870,46,18,2,VIP Customers
4001,56,22,0,Average Customers
7270,91,19,0,Average Customers
8235,8,23,2,VIP Customers
9405,40,11,1,Loyal Customers
